<?xml version="1.0"?>
<overlay xmlns="http://vimperator.org/namespaces/liberator"><dl insertafter="sanitize-items"><dt>all</dt><dd>Sanitize all items</dd>
<dt>cache</dt><dd>Cache</dd>
<dt>commandline</dt><dd>Command-line and search history</dd>
<dt>cookies</dt><dd>Cookies</dd>
<dt>downloads</dt><dd>Download history</dd>
<dt>formdata</dt><dd>Saved form and search history</dd>
<dt>history</dt><dd>Browsing history</dd>
<dt>host</dt><dd>All data from the given host</dd>
<dt>marks</dt><dd>Local and URL marks</dd>
<dt>messages</dt><dd>Saved <ex>:messages</ex></dd>
<dt>offlineapps</dt><dd>Offline website data</dd>
<dt>options</dt><dd>Options containing hostname data</dd>
<dt>passwords</dt><dd>Saved passwords</dd>
<dt>registers</dt><dd>Register values</dd>
<dt>sessions</dt><dd>Authenticated sessions</dd>
<dt>sitesettings</dt><dd>Site preferences</dd></dl></overlay>